,Season,Age,Squad,Country,Comp,LgRank,MP,Starts,Min,90s,GA,GA90,SoTA,Saves,Save%,W,D,L,CS,CS%,PKatt,PKA,PKsv,PKm,Save%.1,Awards,Cmp,Att,Cmp%,TotDist,PrgDist,Cmp.1,Att.1,Cmp%.1,Cmp.2,Att.2,Cmp%.2,Cmp.3,Att.3,Cmp%.3
0,2014,21,Internacional,br BRA,1. Série A,3rd,11,11,990,11.0,0.0,0.0,0.0,0,0.0,7,1,3,2,18.2,1.0,1.0,0.0,0.0,0.0,0,0.0,0.0,0.0,0.0,0.0,0.0,0.0,0.0,0.0,0.0,0.0,0.0,0.0,0.0
1,2015,22,Internacional,br BRA,1. Série A,5th,26,26,"2,266",25.2,0.0,0.0,0.0,0,0.0,12,7,7,15,57.7,4.0,3.0,0.0,1.0,0.0,1,0.0,0.0,0.0,0.0,0.0,0.0,0.0,0.0,0.0,0.0,0.0,0.0,0.0,0.0
2,2016,23,Internacional,br BRA,1. Série A,17th,1,1,90,1.0,0.0,0.0,1.0,1,100.0,0,1,0,1,100.0,0.0,0.0,0.0,0.0,0.0,0,0.0,0.0,0.0,0.0,0.0,0.0,0.0,0.0,0.0,0.0,0.0,0.0,0.0,0.0
3,2017-2018,24,Roma,it ITA,1. Serie A,3rd,37,37,"3,330",37.0,28.0,0.76,135.0,105,81.5,22,8,7,17,45.9,5.0,3.0,2.0,0.0,40.0,0,1090.0,1323.0,82.4,31865.0,23250.0,127.0,127.0,100.0,518.0,525.0,98.7,443.0,667.0,66.4
4,2018-2019,25,Liverpool,eng ENG,1. Premier League,2nd,38,38,"3,420",38.0,22.0,0.58,96.0,74,77.1,30,7,1,21,55.3,1.0,0.0,0.0,1.0,0.0,6,1075.0,1290.0,83.3,28332.0,18517.0,143.0,148.0,96.6,625.0,628.0,99.5,307.0,510.0,60.2
5,2019-2020,26,Liverpool,eng ENG,1. Premier League,1st,29,29,"2,543",28.3,23.0,0.81,80.0,58,72.5,23,3,3,13,44.8,1.0,1.0,0.0,0.0,0.0,1,820.0,947.0,86.6,19608.0,12630.0,204.0,204.0,100.0,414.0,424.0,97.6,199.0,314.0,63.4
6,2020-2021,27,Liverpool,eng ENG,1. Premier League,3rd,33,33,"2,970",33.0,32.0,0.97,115.0,82,75.7,18,8,7,10,30.3,8.0,4.0,1.0,3.0,20.0,0,1000.0,1157.0,86.4,22600.0,14023.0,223.0,225.0,99.1,578.0,590.0,98.0,191.0,330.0,57.9
7,2021-2022,28,Liverpool,eng ENG,1. Premier League,2nd,36,36,"3,240",36.0,24.0,0.67,99.0,76,75.8,27,7,2,20,55.6,0.0,0.0,0.0,0.0,0.0,2,1214.0,1388.0,87.5,28439.0,18286.0,275.0,276.0,99.6,686.0,699.0,98.1,249.0,409.0,60.9
8,2022-2023,29,Liverpool,eng ENG,1. Premier League,5th,37,37,"3,330",37.0,43.0,1.16,147.0,105,72.1,19,9,9,14,37.8,4.0,2.0,1.0,1.0,33.3,0,1241.0,1453.0,85.4,29043.0,18696.0,307.0,309.0,99.4,657.0,666.0,98.6,273.0,469.0,58.2
9,2023-2024,30,Liverpool,eng ENG,1. Premier League,1st,18,18,"1,620",18.0,15.0,0.83,62.0,48,77.4,11,6,1,6,33.3,1.0,1.0,0.0,0.0,0.0,0,645.0,755.0,85.4,14168.0,8832.0,162.0,163.0,99.4,373.0,380.0,98.2,108.0,205.0,52.7
10,2006-2007,23,Real Sociedad,es ESP,1. La Liga,19th,29,29,"2,610",29.0,29.0,1.0,151.0,122,80.8,8,7,14,8,27.6,0.0,0.0,0.0,0.0,0.0,0,0.0,0.0,0.0,0.0,0.0,0.0,0.0,0.0,0.0,0.0,0.0,0.0,0.0,0.0
11,2008-2009,25,Real Sociedad,es ESP,2. Segunda División,6th,32,32,"2,880",32.0,28.0,0.87,104.0,76,73.1,14,11,7,13,40.6,0.0,0.0,0.0,0.0,0.0,0,0.0,0.0,0.0,0.0,0.0,0.0,0.0,0.0,0.0,0.0,0.0,0.0,0.0,0.0
12,2009-2010,26,Real Sociedad,es ESP,2. Segunda División,1st,25,25,"2,156",24.0,22.0,0.92,110.0,88,80.0,13,7,4,8,32.0,0.0,0.0,0.0,0.0,0.0,2,0.0,0.0,0.0,0.0,0.0,0.0,0.0,0.0,0.0,0.0,0.0,0.0,0.0,0.0
13,2010-2011,27,Real Sociedad,es ESP,1. La Liga,15th,38,38,"3,420",38.0,66.0,1.74,205.0,139,67.8,14,3,21,9,23.7,0.0,0.0,0.0,0.0,0.0,0,0.0,0.0,0.0,0.0,0.0,0.0,0.0,0.0,0.0,0.0,0.0,0.0,0.0,0.0
14,2011-2012,28,Real Sociedad,es ESP,1. La Liga,12th,37,37,"3,330",37.0,51.0,1.38,195.0,144,73.8,12,10,15,12,32.4,0.0,0.0,0.0,0.0,0.0,0,0.0,0.0,0.0,0.0,0.0,0.0,0.0,0.0,0.0,0.0,0.0,0.0,0.0,0.0
15,2012-2013,29,Real Sociedad,es ESP,1. La Liga,4th,31,31,"2,790",31.0,40.0,1.29,142.0,102,71.8,16,10,5,9,29.0,0.0,0.0,0.0,0.0,0.0,0,0.0,0.0,0.0,0.0,0.0,0.0,0.0,0.0,0.0,0.0,0.0,0.0,0.0,0.0
16,2013-2014,30,Real Sociedad,es ESP,1. La Liga,7th,37,37,"3,330",37.0,54.0,1.46,178.0,124,69.7,16,11,10,12,32.4,0.0,0.0,0.0,0.0,0.0,0,0.0,0.0,0.0,0.0,0.0,0.0,0.0,0.0,0.0,0.0,0.0,0.0,0.0,0.0
17,2014-2015,31,Barcelona,es ESP,1. La Liga,1st,37,37,"3,330",37.0,19.0,0.51,89.0,70,78.7,30,3,4,23,62.2,0.0,0.0,0.0,0.0,0.0,3,0.0,0.0,0.0,0.0,0.0,0.0,0.0,0.0,0.0,0.0,0.0,0.0,0.0,0.0
18,2015-2016,32,Barcelona,es ESP,1. La Liga,1st,32,32,"2,878",32.0,22.0,0.69,107.0,86,80.4,24,4,4,16,50.0,1.0,1.0,0.0,0.0,0.0,1,0.0,0.0,0.0,0.0,0.0,0.0,0.0,0.0,0.0,0.0,0.0,0.0,0.0,0.0
19,2016-2017,33,Barcelona,es ESP,1. La Liga,2nd,1,1,90,1.0,2.0,2.0,2.0,0,0.0,1,0,0,0,0.0,0.0,0.0,0.0,0.0,0.0,0,0.0,0.0,0.0,0.0,0.0,0.0,0.0,0.0,0.0,0.0,0.0,0.0,0.0,0.0
20,2016-2017,33,Manchester City,eng ENG,1. Premier League,3rd,22,22,"1,968",21.9,26.0,1.19,60.0,34,56.7,12,5,5,5,22.7,1.0,0.0,1.0,0.0,100.0,0,0.0,0.0,0.0,0.0,0.0,0.0,0.0,0.0,0.0,0.0,0.0,0.0,0.0,0.0
21,2017-2018,34,Manchester City,eng ENG,1. Premier League,1st,3,2,226,2.5,1.0,0.4,5.0,4,80.0,2,0,0,2,100.0,0.0,0.0,0.0,0.0,0.0,0,64.0,71.0,90.1,1601.0,1126.0,4.0,4.0,100.0,43.0,44.0,97.7,17.0,23.0,73.9
22,2019-2020,36,Manchester City,eng ENG,1. Premier League,2nd,4,3,347,3.9,7.0,1.82,15.0,8,53.3,2,0,1,1,33.3,0.0,0.0,0.0,0.0,0.0,0,107.0,136.0,78.7,2579.0,1755.0,32.0,33.0,97.0,48.0,49.0,98.0,27.0,54.0,50.0
23,2020-2021,37,Betis,es ESP,1. La Liga,6th,20,20,"1,800",20.0,25.0,1.25,75.0,50,72.0,8,8,4,7,35.0,5.0,4.0,1.0,0.0,20.0,0,422.0,648.0,65.1,12642.0,9294.0,78.0,78.0,100.0,175.0,177.0,98.9,162.0,385.0,42.1
24,2021-2022,38,Betis,es ESP,1. La Liga,5th,17,17,"1,456",16.2,19.0,1.17,56.0,39,67.9,8,4,5,5,29.4,1.0,1.0,0.0,0.0,0.0,0,332.0,507.0,65.5,10758.0,8164.0,55.0,55.0,100.0,128.0,132.0,97.0,147.0,315.0,46.7
25,2022-2023,39,Betis,es ESP,1. La Liga,6th,12,12,"1,080",12.0,9.0,0.75,42.0,33,81.0,5,5,2,4,33.3,1.0,1.0,0.0,0.0,0.0,0,232.0,392.0,59.2,7419.0,5674.0,44.0,44.0,100.0,89.0,91.0,97.8,96.0,251.0,38.2
26,2023-2024,40,Betis,es ESP,1. La Liga,7th,7,7,630,7.0,5.0,0.71,20.0,16,75.0,3,4,0,2,28.6,0.0,0.0,0.0,0.0,0.0,0,186.0,230.0,80.9,4988.0,3322.0,42.0,42.0,100.0,86.0,86.0,100.0,56.0,99.0,56.6
27,2015-2016,16,Milan,it ITA,1. Serie A,7th,30,30,"2,628",29.2,29.0,0.99,107.0,78,72.9,12,9,7,10,33.3,0.0,0.0,0.0,0.0,0.0,0,0.0,0.0,0.0,0.0,0.0,0.0,0.0,0.0,0.0,0.0,0.0,0.0,0.0,0.0
28,2016-2017,17,Milan,it ITA,1. Serie A,6th,38,38,"3,420",38.0,45.0,1.18,189.0,144,78.8,18,9,11,12,31.6,10.0,5.0,2.0,3.0,28.6,0,0.0,0.0,0.0,0.0,0.0,0.0,0.0,0.0,0.0,0.0,0.0,0.0,0.0,0.0
29,2017-2018,18,Milan,it ITA,1. Serie A,6th,38,38,"3,420",38.0,42.0,1.11,132.0,91,69.7,18,10,10,12,31.6,3.0,2.0,0.0,1.0,0.0,0,984.0,1238.0,79.5,26149.0,18283.0,188.0,189.0,99.5,463.0,468.0,98.9,328.0,572.0,57.3
30,2018-2019,19,Milan,it ITA,1. Serie A,5th,36,36,"3,092",34.4,31.0,0.9,126.0,95,77.8,18,11,7,11,30.6,4.0,3.0,1.0,0.0,25.0,0,977.0,1173.0,83.3,25291.0,18286.0,167.0,168.0,99.4,524.0,534.0,98.1,281.0,466.0,60.3
31,2019-2020,20,Milan,it ITA,1. Serie A,6th,36,36,"3,201",35.6,42.0,1.18,141.0,96,73.0,18,9,9,12,33.3,8.0,4.0,4.0,0.0,50.0,0,880.0,1139.0,77.3,23874.0,17594.0,166.0,167.0,99.4,419.0,426.0,98.4,291.0,540.0,53.9
32,2020-2021,21,Milan,it ITA,1. Serie A,2nd,37,37,"3,330",37.0,38.0,1.03,126.0,88,71.4,24,6,7,14,37.8,4.0,2.0,1.0,1.0,33.3,1,979.0,1232.0,79.5,23908.0,17284.0,266.0,266.0,100.0,445.0,451.0,98.7,264.0,506.0,52.2
33,2021-2022,22,Paris S-G,fr FRA,1. Ligue 1,1st,17,17,"1,530",17.0,17.0,1.0,61.0,45,73.8,13,2,2,5,29.4,1.0,1.0,0.0,0.0,0.0,1,424.0,469.0,90.4,8442.0,5460.0,152.0,154.0,98.7,200.0,206.0,97.1,70.0,106.0,66.0
34,2022-2023,23,Paris S-G,fr FRA,1. Ligue 1,1st,38,38,"3,409",37.9,40.0,1.06,160.0,120,76.3,27,4,7,13,34.2,5.0,2.0,1.0,2.0,33.3,1,811.0,935.0,86.7,16498.0,10725.0,259.0,260.0,99.6,413.0,420.0,98.3,126.0,241.0,52.3
35,2023-2024,24,Paris S-G,fr FRA,1. Ligue 1,1st,15,15,"1,269",14.1,12.0,0.85,51.0,39,80.4,11,3,1,6,40.0,2.0,2.0,0.0,0.0,0.0,0,409.0,455.0,89.9,8535.0,4664.0,110.0,111.0,99.1,229.0,234.0,97.9,67.0,106.0,63.2
36,2012-2013,18,Rio Ave,pt POR,1. Primeira Liga,6th,2,2,180,2.0,2.0,1.0,7.0,5,71.4,1,0,1,0,0.0,0.0,0.0,0.0,0.0,0.0,0,0.0,0.0,0.0,0.0,0.0,0.0,0.0,0.0,0.0,0.0,0.0,0.0,0.0,0.0
37,2013-2014,19,Rio Ave,pt POR,1. Primeira Liga,11th,18,17,"1,596",17.7,23.0,1.3,76.0,53,69.7,4,7,7,4,23.5,0.0,0.0,0.0,0.0,0.0,0,0.0,0.0,0.0,0.0,0.0,0.0,0.0,0.0,0.0,0.0,0.0,0.0,0.0,0.0
38,2014-2015,20,Rio Ave,pt POR,1. Primeira Liga,10th,17,17,"1,530",17.0,18.0,1.06,65.0,47,72.3,4,8,5,7,41.2,0.0,0.0,0.0,0.0,0.0,0,0.0,0.0,0.0,0.0,0.0,0.0,0.0,0.0,0.0,0.0,0.0,0.0,0.0,0.0
39,2015-2016,21,Benfica,pt POR,1. Primeira Liga,1st,10,10,890,9.9,4.0,0.4,18.0,14,77.8,10,0,0,5,50.0,0.0,0.0,0.0,0.0,0.0,1,0.0,0.0,0.0,0.0,0.0,0.0,0.0,0.0,0.0,0.0,0.0,0.0,0.0,0.0
40,2016-2017,22,Benfica,pt POR,1. Primeira Liga,1st,27,27,"2,381",26.5,17.0,0.64,73.0,56,78.1,19,5,2,12,44.4,1.0,1.0,0.0,0.0,0.0,1,0.0,0.0,0.0,0.0,0.0,0.0,0.0,0.0,0.0,0.0,0.0,0.0,0.0,0.0
41,2017-2018,23,Manchester City,eng ENG,1. Premier League,1st,36,36,"3,194",35.5,26.0,0.73,80.0,54,67.5,30,4,2,16,44.4,2.0,0.0,2.0,0.0,100.0,1,955.0,1098.0,87.0,23400.0,15983.0,200.0,201.0,99.5,530.0,536.0,98.9,224.0,357.0,62.7
42,2018-2019,24,Manchester City,eng ENG,1. Premier League,1st,38,38,"3,420",38.0,23.0,0.61,81.0,58,76.5,32,2,4,20,52.6,4.0,4.0,0.0,0.0,0.0,2,946.0,1112.0,85.1,22857.0,15482.0,212.0,212.0,100.0,530.0,540.0,98.1,202.0,353.0,57.2
43,2019-2020,25,Manchester City,eng ENG,1. Premier League,2nd,35,35,"3,071",34.1,28.0,0.82,95.0,68,73.7,24,3,8,16,45.7,3.0,3.0,0.0,0.0,0.0,1,949.0,1082.0,87.7,21002.0,13346.0,276.0,277.0,99.6,481.0,487.0,98.8,190.0,312.0,60.9
44,2020-2021,26,Manchester City,eng ENG,1. Premier League,1st,36,36,"3,240",36.0,28.0,0.78,93.0,65,77.4,25,5,6,19,52.8,8.0,7.0,1.0,0.0,12.5,2,939.0,1122.0,83.7,22999.0,15228.0,180.0,181.0,99.4,531.0,540.0,98.3,220.0,390.0,56.4
45,2021-2022,27,Manchester City,eng ENG,1. Premier League,1st,37,37,"3,330",37.0,26.0,0.7,83.0,57,69.9,28,6,3,20,54.1,1.0,1.0,0.0,0.0,0.0,2,1016.0,1128.0,90.1,22789.0,14725.0,280.0,280.0,100.0,519.0,523.0,99.2,212.0,316.0,67.1
46,2022-2023,28,Manchester City,eng ENG,1. Premier League,1st,35,35,"3,150",35.0,32.0,0.91,77.0,46,62.3,26,4,5,11,31.4,3.0,3.0,0.0,0.0,0.0,3,1079.0,1257.0,85.8,26248.0,17275.0,237.0,239.0,99.2,563.0,572.0,98.4,278.0,442.0,62.9
47,2023-2024,29,Manchester City,eng ENG,1. Premier League,3rd,18,18,"1,620",18.0,20.0,1.11,51.0,32,64.7,11,4,3,5,27.8,2.0,2.0,0.0,0.0,0.0,0,643.0,741.0,86.8,15919.0,10610.0,157.0,157.0,100.0,329.0,334.0,98.5,156.0,249.0,62.7
48,2015-2016,20,Lille,fr FRA,1. Ligue 1,5th,4,3,289,3.2,3.0,0.93,13.0,10,76.9,1,0,2,1,33.3,0.0,0.0,0.0,0.0,0.0,0,0.0,0.0,0.0,0.0,0.0,0.0,0.0,0.0,0.0,0.0,0.0,0.0,0.0,0.0
49,2016-2017,21,Lille,fr FRA,1. Ligue 1,11th,7,6,566,6.3,7.0,1.11,28.0,21,75.0,3,0,3,3,50.0,0.0,0.0,0.0,0.0,0.0,0,0.0,0.0,0.0,0.0,0.0,0.0,0.0,0.0,0.0,0.0,0.0,0.0,0.0,0.0
50,2017-2018,22,Lille,fr FRA,1. Ligue 1,17th,34,34,"3,032",33.7,53.0,1.57,160.0,107,68.8,10,7,17,5,14.7,5.0,3.0,2.0,0.0,40.0,0,909.0,1155.0,78.7,24726.0,18430.0,132.0,133.0,99.2,498.0,503.0,99.0,272.0,510.0,53.3
51,2018-2019,23,Lille,fr FRA,1. Ligue 1,2nd,38,38,"3,420",38.0,33.0,0.87,125.0,90,78.4,22,9,7,15,39.5,10.0,6.0,2.0,2.0,25.0,2,716.0,1116.0,64.2,21901.0,17507.0,92.0,93.0,98.9,340.0,344.0,98.8,281.0,673.0,41.8
52,2019-2020,24,Lille,fr FRA,1. Ligue 1,4th,28,28,"2,520",28.0,27.0,0.96,83.0,58,72.3,15,4,9,12,42.9,6.0,4.0,1.0,1.0,20.0,1,493.0,765.0,64.4,15376.0,12804.0,71.0,73.0,97.3,215.0,216.0,99.5,205.0,471.0,43.5
53,2020-2021,25,Lille,fr FRA,1. Ligue 1,1st,38,38,"3,420",38.0,23.0,0.61,107.0,85,79.4,24,11,3,21,55.3,2.0,1.0,1.0,0.0,50.0,2,779.0,1071.0,72.7,20474.0,15076.0,167.0,168.0,99.4,376.0,378.0,99.5,225.0,507.0,44.4
54,2021-2022,26,Milan,it ITA,1. Serie A,1st,32,32,"2,880",32.0,21.0,0.66,101.0,81,81.2,22,7,3,17,53.1,2.0,2.0,0.0,0.0,0.0,2,913.0,1154.0,79.1,24884.0,17336.0,172.0,172.0,100.0,429.0,431.0,99.5,305.0,543.0,56.2
55,2022-2023,27,Milan,it ITA,1. Serie A,4th,22,22,"1,978",22.0,21.0,0.96,62.0,40,69.4,11,7,4,8,36.4,3.0,2.0,1.0,0.0,33.3,0,674.0,814.0,82.8,16900.0,10659.0,133.0,134.0,99.3,354.0,360.0,98.3,185.0,314.0,58.9
56,2023-2024,28,Milan,it ITA,1. Serie A,3rd,16,16,"1,439",16.0,18.0,1.13,64.0,46,75.0,10,3,3,6,37.5,2.0,2.0,0.0,0.0,0.0,0,614.0,732.0,83.9,15732.0,10700.0,132.0,132.0,100.0,303.0,306.0,99.0,175.0,282.0,62.1
57,2006-2007,20,Schalke 04,de GER,1. Bundesliga,2nd,27,27,"2,430",27.0,21.0,0.78,117.0,96,82.1,18,4,5,13,48.1,0.0,0.0,0.0,0.0,0.0,1,0.0,0.0,0.0,0.0,0.0,0.0,0.0,0.0,0.0,0.0,0.0,0.0,0.0,0.0
58,2007-2008,21,Schalke 04,de GER,1. Bundesliga,3rd,34,34,"3,060",34.0,32.0,0.94,142.0,110,77.5,0,0,0,12,35.3,0.0,0.0,0.0,0.0,0.0,0,0.0,0.0,0.0,0.0,0.0,0.0,0.0,0.0,0.0,0.0,0.0,0.0,0.0,0.0
59,2008-2009,22,Schalke 04,de GER,1. Bundesliga,8th,27,27,"2,430",27.0,26.0,0.96,133.0,107,80.5,11,6,10,11,40.7,0.0,0.0,0.0,0.0,0.0,0,0.0,0.0,0.0,0.0,0.0,0.0,0.0,0.0,0.0,0.0,0.0,0.0,0.0,0.0
60,2009-2010,23,Schalke 04,de GER,1. Bundesliga,2nd,34,34,"3,060",34.0,31.0,0.91,161.0,130,80.7,19,8,7,15,44.1,0.0,0.0,0.0,0.0,0.0,1,0.0,0.0,0.0,0.0,0.0,0.0,0.0,0.0,0.0,0.0,0.0,0.0,0.0,0.0
61,2010-2011,24,Schalke 04,de GER,1. Bundesliga,14th,34,34,"3,058",34.0,44.0,1.29,165.0,121,73.3,11,7,16,11,32.4,0.0,0.0,0.0,0.0,0.0,0,0.0,0.0,0.0,0.0,0.0,0.0,0.0,0.0,0.0,0.0,0.0,0.0,0.0,0.0
62,2011-2012,25,Bayern Munich,de GER,1. Bundesliga,2nd,33,33,"2,970",33.0,22.0,0.67,78.0,56,71.8,22,4,7,17,51.5,0.0,0.0,0.0,0.0,0.0,1,0.0,0.0,0.0,0.0,0.0,0.0,0.0,0.0,0.0,0.0,0.0,0.0,0.0,0.0
63,2012-2013,26,Bayern Munich,de GER,1. Bundesliga,1st,31,31,"2,790",31.0,18.0,0.58,89.0,71,79.8,26,4,1,18,58.1,0.0,0.0,0.0,0.0,0.0,4,0.0,0.0,0.0,0.0,0.0,0.0,0.0,0.0,0.0,0.0,0.0,0.0,0.0,0.0
64,2013-2014,27,Bayern Munich,de GER,1. Bundesliga,1st,31,31,"2,745",30.5,18.0,0.59,99.0,81,81.8,26,2,2,15,48.4,0.0,0.0,0.0,0.0,0.0,6,0.0,0.0,0.0,0.0,0.0,0.0,0.0,0.0,0.0,0.0,0.0,0.0,0.0,0.0
65,2014-2015,28,Bayern Munich,de GER,1. Bundesliga,1st,32,31,"2,867",31.9,18.0,0.57,94.0,76,80.9,24,4,4,20,64.5,0.0,0.0,0.0,0.0,0.0,4,0.0,0.0,0.0,0.0,0.0,0.0,0.0,0.0,0.0,0.0,0.0,0.0,0.0,0.0
66,2015-2016,29,Bayern Munich,de GER,1. Bundesliga,1st,34,34,"3,020",33.6,16.0,0.48,80.0,64,80.0,28,4,2,20,58.8,0.0,0.0,0.0,0.0,0.0,3,0.0,0.0,0.0,0.0,0.0,0.0,0.0,0.0,0.0,0.0,0.0,0.0,0.0,0.0
67,2016-2017,30,Bayern Munich,de GER,1. Bundesliga,1st,26,26,"2,340",26.0,13.0,0.5,67.0,54,80.6,19,6,1,14,53.8,0.0,0.0,0.0,0.0,0.0,2,0.0,0.0,0.0,0.0,0.0,0.0,0.0,0.0,0.0,0.0,0.0,0.0,0.0,0.0
68,2017-2018,31,Bayern Munich,de GER,1. Bundesliga,1st,3,3,270,3.0,2.0,0.67,7.0,5,71.4,2,0,1,2,66.7,0.0,0.0,0.0,0.0,0.0,1,82.0,95.0,86.3,2391.0,1500.0,7.0,7.0,100.0,39.0,40.0,97.5,36.0,48.0,75.0
69,2018-2019,32,Bayern Munich,de GER,1. Bundesliga,1st,26,26,"2,303",25.6,23.0,0.9,56.0,34,64.3,20,3,3,10,38.5,3.0,3.0,0.0,0.0,0.0,1,772.0,922.0,83.7,19434.0,12482.0,142.0,142.0,100.0,412.0,416.0,99.0,213.0,357.0,59.7
70,2019-2020,33,Bayern Munich,de GER,1. Bundesliga,1st,33,33,"2,970",33.0,31.0,0.94,110.0,79,74.5,25,4,4,15,45.5,4.0,3.0,1.0,0.0,25.0,4,1275.0,1449.0,88.0,29848.0,19847.0,333.0,335.0,99.4,610.0,620.0,98.4,320.0,480.0,66.7
71,2020-2021,34,Bayern Munich,de GER,1. Bundesliga,1st,33,33,"2,970",33.0,42.0,1.27,123.0,80,66.7,24,5,4,9,27.3,3.0,1.0,1.0,1.0,50.0,1,1134.0,1320.0,85.9,28936.0,19211.0,194.0,195.0,99.5,593.0,605.0,98.0,343.0,510.0,67.3
72,2021-2022,35,Bayern Munich,de GER,1. Bundesliga,1st,28,28,"2,510",27.9,26.0,0.93,89.0,63,71.9,22,4,2,10,35.7,1.0,1.0,0.0,0.0,0.0,2,1097.0,1255.0,87.4,27026.0,18257.0,221.0,221.0,100.0,573.0,583.0,98.3,299.0,442.0,67.6
73,2022-2023,36,Bayern Munich,de GER,1. Bundesliga,1st,12,12,"1,080",12.0,11.0,0.92,44.0,33,79.5,7,4,1,4,33.3,2.0,2.0,0.0,0.0,0.0,1,449.0,504.0,89.1,10571.0,7280.0,96.0,96.0,100.0,234.0,238.0,98.3,118.0,169.0,69.8
74,2023-2024,37,Bayern Munich,de GER,1. Bundesliga,2nd,7,7,630,7.0,8.0,1.14,20.0,12,60.0,6,0,1,4,57.1,0.0,0.0,0.0,0.0,0.0,0,194.0,218.0,89.0,4677.0,2766.0,40.0,40.0,100.0,109.0,111.0,98.2,45.0,67.0,67.2
75,2014-2015,18,Jong Ajax,nl NED,2. Eerste Divisie,12th,13,13,"1,170",13.0,23.0,1.77,64.0,41,64.1,2,4,7,1,7.7,0.0,0.0,0.0,0.0,0.0,0,0.0,0.0,0.0,0.0,0.0,0.0,0.0,0.0,0.0,0.0,0.0,0.0,0.0,0.0
76,2015-2016,19,Jong Ajax,nl NED,2. Eerste Divisie,9th,24,24,"2,160",24.0,41.0,1.71,94.0,53,56.4,7,9,8,3,12.5,0.0,0.0,0.0,0.0,0.0,0,0.0,0.0,0.0,0.0,0.0,0.0,0.0,0.0,0.0,0.0,0.0,0.0,0.0,0.0
77,2016-2017,20,Jong Ajax,nl NED,2. Eerste Divisie,2nd,2,2,180,2.0,2.0,1.0,8.0,6,75.0,1,1,0,0,0.0,0.0,0.0,0.0,0.0,0.0,0,0.0,0.0,0.0,0.0,0.0,0.0,0.0,0.0,0.0,0.0,0.0,0.0,0.0,0.0
78,2016-2017,20,Ajax,nl NED,1. Eredivisie,2nd,32,32,"2,880",32.0,20.0,0.62,88.0,68,78.4,24,5,3,15,46.9,3.0,1.0,1.0,1.0,50.0,0,0.0,0.0,0.0,0.0,0.0,0.0,0.0,0.0,0.0,0.0,0.0,0.0,0.0,0.0
79,2017-2018,21,Ajax,nl NED,1. Eredivisie,2nd,33,33,"2,970",33.0,32.0,0.97,130.0,98,76.9,24,4,5,12,36.4,4.0,2.0,2.0,0.0,50.0,0,0.0,0.0,0.0,0.0,0.0,0.0,0.0,0.0,0.0,0.0,0.0,0.0,0.0,0.0
80,2018-2019,22,Ajax,nl NED,1. Eredivisie,1st,33,33,"2,921",32.5,27.0,0.83,104.0,77,75.0,28,1,4,15,45.5,2.0,1.0,1.0,0.0,50.0,1,724.0,917.0,79.0,17369.0,12958.0,171.0,174.0,98.3,380.0,384.0,99.0,169.0,354.0,47.7
81,2019-2020,23,Ajax,nl NED,1. Eredivisie,1st,24,24,"2,160",24.0,21.0,0.87,72.0,51,73.6,18,2,4,8,33.3,2.0,2.0,0.0,0.0,0.0,0,629.0,767.0,82.0,15805.0,11814.0,159.0,159.0,100.0,302.0,304.0,99.3,161.0,294.0,54.8
82,2020-2021,24,Ajax,nl NED,1. Eredivisie,1st,20,20,"1,800",20.0,15.0,0.75,75.0,60,80.0,16,2,2,9,45.0,0.0,0.0,0.0,0.0,0.0,1,631.0,766.0,82.4,16229.0,12072.0,163.0,164.0,99.4,278.0,285.0,97.5,189.0,316.0,59.8
83,2021-2022,25,Ajax,nl NED,1. Eredivisie,1st,6,6,540,6.0,10.0,1.67,18.0,8,44.4,5,0,1,0,0.0,0.0,0.0,0.0,0.0,0.0,0,151.0,191.0,79.1,4271.0,2952.0,28.0,28.0,100.0,61.0,63.0,96.8,62.0,98.0,63.3
84,2022-2023,26,Inter,it ITA,1. Serie A,3rd,24,24,"2,160",24.0,24.0,1.0,83.0,61,73.5,14,3,7,8,33.3,2.0,2.0,0.0,0.0,0.0,0,837.0,1030.0,81.3,20562.0,13611.0,224.0,224.0,100.0,386.0,394.0,98.0,220.0,402.0,54.7
85,2023-2024,27,Manchester Utd,eng ENG,1. Premier League,8th,20,20,"1,800",20.0,27.0,1.35,95.0,69,73.7,10,1,9,6,30.0,2.0,2.0,0.0,0.0,0.0,0,594.0,784.0,75.8,14255.0,9422.0,152.0,153.0,99.3,301.0,306.0,98.4,136.0,317.0,42.9
86,2010-2011,18,M'Gladbach,de GER,1. Bundesliga,16th,6,6,540,6.0,3.0,0.5,22.0,19,86.4,4,1,1,3,50.0,0.0,0.0,0.0,0.0,0.0,0,0.0,0.0,0.0,0.0,0.0,0.0,0.0,0.0,0.0,0.0,0.0,0.0,0.0,0.0
87,2011-2012,19,M'Gladbach,de GER,1. Bundesliga,4th,34,34,"3,060",34.0,24.0,0.71,127.0,103,81.1,17,9,8,15,44.1,0.0,0.0,0.0,0.0,0.0,1,0.0,0.0,0.0,0.0,0.0,0.0,0.0,0.0,0.0,0.0,0.0,0.0,0.0,0.0
88,2012-2013,20,M'Gladbach,de GER,1. Bundesliga,8th,34,34,"3,046",33.8,47.0,1.39,169.0,122,72.2,12,11,11,9,26.5,0.0,0.0,0.0,0.0,0.0,0,0.0,0.0,0.0,0.0,0.0,0.0,0.0,0.0,0.0,0.0,0.0,0.0,0.0,0.0
89,2013-2014,21,M'Gladbach,de GER,1. Bundesliga,6th,34,34,"3,060",34.0,43.0,1.26,185.0,142,76.8,16,7,11,9,26.5,0.0,0.0,0.0,0.0,0.0,0,0.0,0.0,0.0,0.0,0.0,0.0,0.0,0.0,0.0,0.0,0.0,0.0,0.0,0.0
90,2015-2016,23,Barcelona,es ESP,1. La Liga,1st,7,6,542,6.0,7.0,1.16,21.0,14,66.7,5,0,1,3,50.0,0.0,0.0,0.0,0.0,0.0,3,0.0,0.0,0.0,0.0,0.0,0.0,0.0,0.0,0.0,0.0,0.0,0.0,0.0,0.0
91,2016-2017,24,Barcelona,es ESP,1. La Liga,2nd,36,36,"3,240",36.0,33.0,0.92,154.0,121,78.6,27,6,3,13,36.1,0.0,0.0,0.0,0.0,0.0,0,0.0,0.0,0.0,0.0,0.0,0.0,0.0,0.0,0.0,0.0,0.0,0.0,0.0,0.0
92,2017-2018,25,Barcelona,es ESP,1. La Liga,1st,37,37,"3,330",37.0,28.0,0.76,126.0,98,79.4,27,9,1,19,51.4,2.0,2.0,0.0,0.0,0.0,2,1068.0,1304.0,81.9,27867.0,19433.0,154.0,154.0,100.0,598.0,613.0,97.6,313.0,531.0,58.9
93,2018-2019,26,Barcelona,es ESP,1. La Liga,1st,35,35,"3,150",35.0,32.0,0.91,116.0,85,73.3,25,8,2,16,45.7,1.0,1.0,0.0,0.0,0.0,1,930.0,1084.0,85.8,24411.0,17180.0,131.0,131.0,100.0,512.0,521.0,98.3,284.0,427.0,66.5
94,2019-2020,27,Barcelona,es ESP,1. La Liga,2nd,36,36,"3,240",36.0,36.0,1.0,116.0,79,74.1,24,6,6,14,38.9,7.0,6.0,1.0,0.0,14.3,0,1253.0,1431.0,87.6,29479.0,20950.0,331.0,333.0,99.4,599.0,614.0,97.6,318.0,477.0,66.7
95,2020-2021,28,Barcelona,es ESP,1. La Liga,3rd,31,31,"2,790",31.0,32.0,1.03,106.0,76,72.6,21,5,5,11,35.5,3.0,3.0,0.0,0.0,0.0,0,925.0,1043.0,88.7,22407.0,15660.0,182.0,183.0,99.5,514.0,522.0,98.5,228.0,336.0,67.9
96,2021-2022,29,Barcelona,es ESP,1. La Liga,2nd,35,35,"3,150",35.0,34.0,0.97,109.0,74,70.6,19,9,7,11,31.4,3.0,2.0,1.0,0.0,33.3,0,1113.0,1281.0,86.9,27465.0,18908.0,242.0,245.0,98.8,564.0,577.0,97.7,300.0,447.0,67.1
97,2022-2023,30,Barcelona,es ESP,1. La Liga,1st,38,38,"3,347",37.2,18.0,0.48,98.0,83,84.7,28,4,6,26,68.4,3.0,3.0,0.0,0.0,0.0,9,1193.0,1412.0,84.5,30703.0,21527.0,228.0,232.0,98.3,600.0,613.0,97.9,362.0,564.0,64.2
98,2023-2024,31,Barcelona,es ESP,1. La Liga,3rd,13,13,"1,170",13.0,13.0,1.0,45.0,32,71.1,9,3,1,6,46.2,0.0,0.0,0.0,0.0,0.0,0,395.0,430.0,91.9,9536.0,7003.0,86.0,86.0,100.0,204.0,209.0,97.6,105.0,133.0,78.9
99,2014-2015,18,Southport,eng ENG,5. Conf Premier,19th,16,16,"1,440",16.0,31.0,1.94,107.0,76,71.0,6,2,8,5,31.3,0.0,0.0,0.0,0.0,0.0,0,0.0,0.0,0.0,0.0,0.0,0.0,0.0,0.0,0.0,0.0,0.0,0.0,0.0,0.0
100,2014-2015,18,Blackburn,eng ENG,2. Championship,9th,2,2,180,2.0,2.0,1.0,4.0,2,50.0,2,0,0,1,50.0,0.0,0.0,0.0,0.0,0.0,0,0.0,0.0,0.0,0.0,0.0,0.0,0.0,0.0,0.0,0.0,0.0,0.0,0.0,0.0
101,2015-2016,19,Blackburn,eng ENG,2. Championship,15th,5,5,450,5.0,5.0,1.0,12.0,7,58.3,0,3,2,1,20.0,0.0,0.0,0.0,0.0,0.0,0,0.0,0.0,0.0,0.0,0.0,0.0,0.0,0.0,0.0,0.0,0.0,0.0,0.0,0.0
102,2016-2017,20,Blackburn,eng ENG,2. Championship,22nd,5,5,450,5.0,2.0,0.4,17.0,15,88.2,3,2,0,3,60.0,0.0,0.0,0.0,0.0,0.0,0,0.0,0.0,0.0,0.0,0.0,0.0,0.0,0.0,0.0,0.0,0.0,0.0,0.0,0.0
103,2017-2018,21,Blackburn,eng ENG,3. League One,2nd,45,45,"4,050",45.0,39.0,0.87,175.0,136,78.9,28,12,5,0,0.0,2.0,2.0,0.0,0.0,0.0,0,0.0,0.0,0.0,0.0,0.0,0.0,0.0,0.0,0.0,0.0,0.0,0.0,0.0,0.0
104,2018-2019,22,Blackburn,eng ENG,2. Championship,15th,41,41,"3,690",41.0,64.0,1.56,180.0,118,66.7,13,11,17,10,24.4,7.0,4.0,1.0,2.0,20.0,0,672.0,1390.0,48.3,26894.0,23089.0,63.0,64.0,98.4,247.0,253.0,97.6,360.0,1059.0,34.0
105,2019-2020,23,Brentford,eng ENG,2. Championship,3rd,46,46,"4,140",46.0,38.0,0.83,136.0,99,74.3,24,9,13,16,34.8,3.0,3.0,0.0,0.0,0.0,1,1468.0,1908.0,76.9,37948.0,25173.0,342.0,346.0,98.8,683.0,691.0,98.8,433.0,852.0,50.8
106,2020-2021,24,Brentford,eng ENG,2. Championship,3rd,42,42,"3,780",42.0,36.0,0.86,126.0,91,74.6,23,14,5,16,38.1,4.0,4.0,0.0,0.0,0.0,0,1634.0,2083.0,78.4,41833.0,28870.0,348.0,350.0,99.4,821.0,840.0,97.7,457.0,881.0,51.9
107,2021-2022,25,Brentford,eng ENG,1. Premier League,13th,24,24,"2,160",24.0,27.0,1.13,103.0,76,77.7,10,5,9,8,33.3,4.0,4.0,0.0,0.0,0.0,0,737.0,1085.0,67.9,22782.0,17533.0,137.0,138.0,99.3,302.0,310.0,97.4,296.0,625.0,47.4
108,2022-2023,26,Brentford,eng ENG,1. Premier League,9th,38,38,"3,420",38.0,46.0,1.21,197.0,154,77.7,15,14,9,12,31.6,2.0,2.0,0.0,0.0,0.0,0,1054.0,1640.0,64.3,34961.0,26954.0,131.0,135.0,97.0,463.0,473.0,97.9,459.0,1026.0,44.7
109,2023-2024,27,Arsenal,eng ENG,1. Premier League,4th,15,15,"1,350",15.0,16.0,1.07,39.0,22,61.5,8,3,4,5,33.3,2.0,1.0,1.0,0.0,50.0,0,392.0,510.0,76.9,9320.0,6493.0,116.0,116.0,100.0,198.0,198.0,100.0,78.0,192.0,40.6
110,2011-2012,17,Darlington,eng ENG,5. Conf Premier,22nd,17,17,"1,530",17.0,39.0,2.29,99.0,60,60.6,0,6,11,2,11.8,0.0,0.0,0.0,0.0,0.0,0,0.0,0.0,0.0,0.0,0.0,0.0,0.0,0.0,0.0,0.0,0.0,0.0,0.0,0.0
111,2012-2013,18,Alfreton Town,eng ENG,5. Conf Premier,13th,12,12,"1,080",12.0,12.0,1.0,63.0,51,81.0,6,2,4,4,33.3,0.0,0.0,0.0,0.0,0.0,0,0.0,0.0,0.0,0.0,0.0,0.0,0.0,0.0,0.0,0.0,0.0,0.0,0.0,0.0
112,2013-2014,19,Carlisle United,eng ENG,3. League One,22nd,18,18,"1,620",18.0,27.0,1.5,64.0,37,57.8,3,6,9,7,38.9,0.0,0.0,0.0,0.0,0.0,0,0.0,0.0,0.0,0.0,0.0,0.0,0.0,0.0,0.0,0.0,0.0,0.0,0.0,0.0
113,2013-2014,19,Burton Albion,eng ENG,4. League Two,6th,12,12,"1,080",12.0,11.0,0.92,41.0,30,73.2,5,4,3,5,41.7,0.0,0.0,0.0,0.0,0.0,0,0.0,0.0,0.0,0.0,0.0,0.0,0.0,0.0,0.0,0.0,0.0,0.0,0.0,0.0
114,2014-2015,20,Bradford City,eng ENG,3. League One,7th,33,33,"2,891",32.1,36.0,1.12,115.0,79,68.7,13,9,10,9,27.3,0.0,0.0,0.0,0.0,0.0,0,0.0,0.0,0.0,0.0,0.0,0.0,0.0,0.0,0.0,0.0,0.0,0.0,0.0,0.0
115,2015-2016,21,Preston,eng ENG,2. Championship,11th,24,24,"2,101",23.3,20.0,0.86,80.0,60,75.0,6,9,8,8,33.3,0.0,0.0,0.0,0.0,0.0,0,0.0,0.0,0.0,0.0,0.0,0.0,0.0,0.0,0.0,0.0,0.0,0.0,0.0,0.0
116,2015-2016,21,Sunderland,eng ENG,1. Premier League,17th,2,2,180,2.0,6.0,3.0,17.0,11,64.7,0,1,1,0,0.0,0.0,0.0,0.0,0.0,0.0,0,0.0,0.0,0.0,0.0,0.0,0.0,0.0,0.0,0.0,0.0,0.0,0.0,0.0,0.0
117,2016-2017,22,Sunderland,eng ENG,1. Premier League,20th,29,29,"2,610",29.0,50.0,1.72,189.0,139,74.6,5,4,20,4,13.8,2.0,2.0,0.0,0.0,0.0,0,0.0,0.0,0.0,0.0,0.0,0.0,0.0,0.0,0.0,0.0,0.0,0.0,0.0,0.0
118,2016-2017,22,Sunderland,eng ENG,Jr. PL2 — Div. 1,7th,1,1,90,1.0,0.0,0.0,0.0,0,0.0,0,1,0,0,0.0,0.0,0.0,0.0,0.0,0.0,0,0.0,0.0,0.0,0.0,0.0,0.0,0.0,0.0,0.0,0.0,0.0,0.0,0.0,0.0
119,2017-2018,23,Everton,eng ENG,1. Premier League,8th,38,38,"3,420",38.0,58.0,1.53,178.0,119,69.1,13,10,15,10,26.3,5.0,3.0,1.0,1.0,25.0,0,675.0,1332.0,50.7,28089.0,24029.0,54.0,55.0,98.2,232.0,239.0,97.1,389.0,1029.0,37.8
120,2018-2019,24,Everton,eng ENG,1. Premier League,8th,38,38,"3,420",38.0,46.0,1.21,136.0,89,67.6,15,9,14,14,36.8,5.0,2.0,3.0,0.0,60.0,0,772.0,1275.0,60.5,26263.0,19906.0,77.0,77.0,100.0,362.0,373.0,97.1,332.0,819.0,40.5
121,2019-2020,25,Everton,eng ENG,1. Premier League,12th,38,38,"3,420",38.0,56.0,1.47,147.0,94,63.9,13,10,15,9,23.7,4.0,3.0,0.0,1.0,0.0,0,905.0,1383.0,65.4,28145.0,21362.0,185.0,185.0,100.0,359.0,364.0,98.6,346.0,815.0,42.5
122,2020-2021,26,Everton,eng ENG,1. Premier League,10th,31,31,"2,742",30.5,39.0,1.28,128.0,90,71.1,15,5,11,10,32.3,3.0,2.0,0.0,1.0,0.0,0,766.0,1154.0,66.4,23261.0,18485.0,201.0,203.0,99.0,248.0,250.0,99.2,307.0,686.0,44.8
123,2021-2022,27,Everton,eng ENG,1. Premier League,16th,35,35,"3,150",35.0,58.0,1.66,170.0,116,66.5,10,6,19,7,20.0,1.0,1.0,0.0,0.0,0.0,0,608.0,1147.0,53.0,23302.0,19151.0,83.0,83.0,100.0,204.0,208.0,98.1,321.0,848.0,37.9
124,2022-2023,28,Everton,eng ENG,1. Premier League,17th,37,37,"3,330",37.0,57.0,1.54,181.0,123,71.3,7,12,18,8,21.6,6.0,5.0,1.0,0.0,16.7,0,749.0,1312.0,57.1,25114.0,19603.0,158.0,159.0,99.4,242.0,247.0,98.0,342.0,892.0,38.3
125,2023-2024,29,Everton,eng ENG,1. Premier League,17th,20,20,"1,800",20.0,28.0,1.4,79.0,53,70.9,8,2,10,6,30.0,5.0,5.0,0.0,0.0,0.0,0,486.0,776.0,62.6,16737.0,13493.0,67.0,67.0,100.0,177.0,184.0,96.2,241.0,519.0,46.4
